{
  "project_info": {
    "project_number": "327249595546",
    "project_id": "ecs-c5g7",
    "storage_bucket": "ecs-c5g7.appspot.com"
  },
  "client": [
    {
      "client_info": {
        "mobilesdk_app_id": "1:327249595546:android:4537199e912b81284aa323",
        "android_client_info": {
          "package_name": "com.example.ecs_c5g7"
        }
      },
      "oauth_client": [
        {
          "client_id": "327249595546-3hsptj2rlpnkf2q25j99j18sn317kfgk.apps.googleusercontent.com",
          "client_type": 3
        }
      ],
      "api_key": [
        {
          "current_key": "AIzaSyBDc4QKdfD3i4kUcDMy-ZIfqYuBko8fv-Q"
        }
      ],
      "services": {
        "appinvite_service": {
          "other_platform_oauth_client": [
            {
              "client_id": "327249595546-3hsptj2rlpnkf2q25j99j18sn317kfgk.apps.googleusercontent.com",
              "client_type": 3
            }
          ]
        }
      }
    }
  ],
  "configuration_version": "1"
}